,1yr-1yr,1yr-2yr,1yr-3yr,1yr-4yr
1yr-1yr,2.9444881405442035e-05,2.9444881405442035e-05,2.9444881405442035e-05,2.9444881405442035e-05
1yr-2yr,2.9444881405442035e-05,2.9444881405442035e-05,2.9444881405442035e-05,2.9444881405442035e-05
1yr-3yr,2.9444881405442035e-05,2.9444881405442035e-05,2.9444881405442035e-05,2.9444881405442035e-05
1yr-4yr,2.9444881405442035e-05,2.9444881405442035e-05,2.9444881405442035e-05,2.9444881405442035e-05
