Eigenvalue,PC1,PC2,PC3,PC4
0.00011777952562176814,0.49999999999999983,-0.8660254037844387,-0.8660254037844385,0.8611447882469829
2.61012178719941e-54,0.5000000000000001,0.2886751345948129,0.28867513459481287,-0.3736105264032063
0.0,0.5,0.2886751345948127,0.2886751345948128,-0.2437671309218883
-4.6778263204565765e-38,0.5,0.28867513459481303,0.2886751345948128,-0.24376713092188834
